﻿<?xml version="1.0" encoding="utf-8"?>
<key id="76902b0e-3e23-4bbd-8def-ac0f17d7feb2" version="1">
  <creationDate>2024-09-25T08:16:36.29342Z</creationDate>
  <activationDate>2024-09-25T08:16:36.288843Z</activationDate>
  <expirationDate>2024-12-24T08:16:36.288843Z</expirationDate>
  <descriptor deserializerType="Microsoft.AspNetCore.DataProtection.AuthenticatedEncryption.ConfigurationModel.AuthenticatedEncryptorDescriptorDeserializer, Microsoft.AspNetCore.DataProtection, Version=8.0.0.0, Culture=neutral, PublicKeyToken=adb9793829ddae60">
    <descriptor>
      <encryption algorithm="AES_256_CBC" />
      <validation algorithm="HMACSHA256" />
      <masterKey p4:requiresEncryption="true" xmlns:p4="http://schemas.asp.net/2015/03/dataProtection">
        <!-- Warning: the key below is in an unencrypted form. -->
        <value>AOh8i1ahwNzv5vd+hLCEU6QPlrW6c+3B6mwOvjsyYae1cnFwQWgDNWkr3NW2uhl161O/R5qbUHxq4/Kw7Q+WuA==</value>
      </masterKey>
    </descriptor>
  </descriptor>
</key>